微博ID,内容,发布时间,转发数,评论数,点赞数,图片链接
5148035000568402,"【<a  href=""https://m.weibo.cn/search?containerid=231522type%3D1%26t%3D10%26q%3D%23%E6%A2%A8%E8%8A%B1%E7%BB%BD%E6%94%BE%E7%9A%84%E7%9E%AC%E9%97%B4%E6%9C%89%E5%A4%9A%E7%BE%8E%23&extparam=%23%E6%A2%A8%E8%8A%B1%E7%BB%BD%E6%94%BE%E7%9A%84%E7%9E%AC%E9%97%B4%E6%9C%89%E5%A4%9A%E7%BE%8E%23"" data-hide=""""><span class=""surl-text"">#梨花绽放的瞬间有多美#</span></a>】<a  href=""https://m.weibo.cn/search?containerid=231522type%3D1%26t%3D10%26q%3D%23%E8%A2%AB%E6%98%A5%E6%97%A5%E9%99%90%E5%AE%9A%E7%89%88%E6%A2%A8%E8%8A%B1%E7%BB%BD%E6%94%BE%E6%B2%BB%E6%84%88%E4%BA%86%23&extparam=%23%E8%A2%AB%E6%98%A5%E6%97%A5%E9%99%90%E5%AE%9A%E7%89%88%E6%A2%A8%E8%8A%B1%E7%BB%BD%E6%94%BE%E6%B2%BB%E6%84%88%E4%BA%86%23"" data-hide=""""><span class=""surl-text"">#被春日限定版梨花绽放治愈了#</span></a> 近日，一摄影师通过延时记录下梨花绽放的瞬间。镜头下，一朵朵纯白的花苞如同张开的小喇叭在枝头歌唱，灵动又美好。（来源：荔枝风景线 音乐：<a href='/n/卡布叻_周深'>@卡布叻_周深</a> 《总有美好在路上》） <a  href=""https://video.weibo.com/show?fid=1034:5148034695364657"" data-hide=""""><span class='url-icon'><img style='width: 1rem;height: 1rem' src='https://h5.sinaimg.cn/upload/2015/09/25/3/timeline_card_small_video_default.png'></span><span class=""surl-text"">人民日报的微博视频</span></a> ",Tue Mar 25 10:44:13 +0800 2025,51,85,297,无
5148024550198550,"【转发接“福”！<a  href=""https://m.weibo.cn/search?containerid=231522type%3D1%26t%3D10%26q%3D%23%E7%A6%8F%E5%AE%9D%E5%A4%8D%E5%B1%95%E5%88%9D%E8%88%9E%E5%8F%B0%23&extparam=%23%E7%A6%8F%E5%AE%9D%E5%A4%8D%E5%B1%95%E5%88%9D%E8%88%9E%E5%8F%B0%23"" data-hide=""""><span class=""surl-text"">#福宝复展初舞台#</span></a>】<a  href=""https://m.weibo.cn/search?containerid=231522type%3D1%26t%3D10%26q%3D%23%E6%98%A5%E6%9A%96%E8%8A%B1%E5%BC%80%E5%92%8C%E7%A6%8F%E5%AE%9D%E8%A7%81%E4%B8%80%E9%9D%A2%23&extparam=%23%E6%98%A5%E6%9A%96%E8%8A%B1%E5%BC%80%E5%92%8C%E7%A6%8F%E5%AE%9D%E8%A7%81%E4%B8%80%E9%9D%A2%23"" data-hide=""""><span class=""surl-text"">#春暖花开和福宝见一面#</span></a><span class=""url-icon""><img alt=[心] src=""https://h5.sinaimg.cn/m/emoticon/icon/others/l_xin-43af9086c0.png"" style=""width:1em; height:1em;"" /></span>网友：不吃饱怎么有力气跟大家唠嗑呢？（央视） ",Tue Mar 25 10:02:41 +0800 2025,139,331,762,https://wx4.sinaimg.cn/orj360/0033ImPzly1hzszkbf51zj61ba0zganp02.jpg; https://wx2.sinaimg.cn/orj360/0033ImPzly1hzszkb0h9qj61ba0zgtmh02.jpg; https://wx4.sinaimg.cn/orj360/0033ImPzly1hzszkb0f9rj61ba0zg7i802.jpg; https://wx2.sinaimg.cn/orj360/0033ImPzly1hzszkb0jhdj61ba0zggzd02.jpg
5148023887495758,"【<a  href=""https://m.weibo.cn/search?containerid=231522type%3D1%26t%3D10%26q%3D%23%E6%9C%80%E9%AB%98%E6%A3%80%E4%BE%9D%E6%B3%95%E5%AF%B9%E9%BD%90%E5%90%8C%E7%94%9F%E5%86%B3%E5%AE%9A%E9%80%AE%E6%8D%95%23&extparam=%23%E6%9C%80%E9%AB%98%E6%A3%80%E4%BE%9D%E6%B3%95%E5%AF%B9%E9%BD%90%E5%90%8C%E7%94%9F%E5%86%B3%E5%AE%9A%E9%80%AE%E6%8D%95%23"" data-hide=""""><span class=""surl-text"">#最高检依法对齐同生决定逮捕#</span></a>】<a  href=""https://m.weibo.cn/search?containerid=231522type%3D1%26t%3D10%26q%3D%23%E9%BD%90%E5%90%8C%E7%94%9F%E8%A2%AB%E9%80%AE%E6%8D%95%23&extparam=%23%E9%BD%90%E5%90%8C%E7%94%9F%E8%A2%AB%E9%80%AE%E6%8D%95%23"" data-hide=""""><span class=""surl-text"">#齐同生被逮捕#</span></a> 宁夏回族自治区政协原党组书记、主席齐同生涉嫌受贿一案，由国家监察委员会调查终结，移送检察机关审查起诉。日前，最高人民检察院依法以涉嫌受贿罪对齐同生作出逮捕决定。该案正在进一步办理中。（人民日报记者 倪弋） ",Tue Mar 25 10:00:03 +0800 2025,24,59,223,https://wx3.sinaimg.cn/orj360/0033ImPzgy1hzszh155fzj60ob0obgr902.jpg
5148017977197793,"<a  href=""https://m.weibo.cn/search?containerid=231522type%3D1%26t%3D10%26q%3D%23%E6%98%A5%E6%9A%96%E8%8A%B1%E5%BC%80%E5%92%8C%E7%A6%8F%E5%AE%9D%E8%A7%81%E4%B8%80%E9%9D%A2%23&extparam=%23%E6%98%A5%E6%9A%96%E8%8A%B1%E5%BC%80%E5%92%8C%E7%A6%8F%E5%AE%9D%E8%A7%81%E4%B8%80%E9%9D%A2%23"" data-hide=""""><span class=""surl-text"">#春暖花开和福宝见一面#</span></a>【<a  href=""https://m.weibo.cn/search?containerid=231522type%3D1%26t%3D10%26q%3D%23%E5%A4%A7%E7%86%8A%E7%8C%AB%E7%A6%8F%E5%AE%9D%E4%BB%8A%E6%97%A5%E6%AD%A3%E5%BC%8F%E5%AF%B9%E5%A4%96%E5%B1%95%E5%87%BA%23&extparam=%23%E5%A4%A7%E7%86%8A%E7%8C%AB%E7%A6%8F%E5%AE%9D%E4%BB%8A%E6%97%A5%E6%AD%A3%E5%BC%8F%E5%AF%B9%E5%A4%96%E5%B1%95%E5%87%BA%23"" data-hide=""""><span class=""surl-text"">#大熊猫福宝今日正式对外展出#</span></a><span class=""url-icon""><img alt=[心] src=""https://h5.sinaimg.cn/m/emoticon/icon/others/l_xin-43af9086c0.png"" style=""width:1em; height:1em;"" /></span><a  href=""https://m.weibo.cn/search?containerid=231522type%3D1%26t%3D10%26q%3D%23%E7%A6%8F%E5%AE%9D%E5%A5%BD%E4%B9%85%E4%B8%8D%E8%A7%81%23&extparam=%23%E7%A6%8F%E5%AE%9D%E5%A5%BD%E4%B9%85%E4%B8%8D%E8%A7%81%23"" data-hide=""""><span class=""surl-text"">#福宝好久不见#</span></a>】今日，大熊猫“福宝”将在幼儿园2号馆和公众见面。经过100余天的静养，“福宝”身体已恢复健康。据<a href='/n/中国大熊猫保护研究中心'>@中国大熊猫保护研究中心</a> ，“福宝”的居所经过了彻底的消毒杀菌，还增添了丰容和绿植。 <a  href=""https://video.weibo.com/show?fid=1034:5148006542934069"" data-hide=""""><span class='url-icon'><img style='width: 1rem;height: 1rem' src='https://h5.sinaimg.cn/upload/2015/09/25/3/timeline_card_small_video_default.png'></span><span class=""surl-text"">人民日报的微博视频</span></a> ",Tue Mar 25 09:36:34 +0800 2025,151,280,849,无
5148010666527036,"<a  href=""https://m.weibo.cn/search?containerid=231522type%3D1%26t%3D10%26q%3D%23%E4%BA%BA%E6%B0%91%E6%97%A5%E6%8A%A5%E5%A4%B4%E7%89%88%E6%96%87%E7%AB%A0%23&extparam=%23%E4%BA%BA%E6%B0%91%E6%97%A5%E6%8A%A5%E5%A4%B4%E7%89%88%E6%96%87%E7%AB%A0%23"" data-hide=""""><span class=""surl-text"">#人民日报头版文章#</span></a>【<a  href=""https://m.weibo.cn/search?containerid=231522type%3D1%26t%3D10%26q%3D%23%E6%B8%85%E9%A3%8E%E6%AD%A3%E6%B0%94%E6%BB%A1%E4%B9%BE%E5%9D%A4%23&extparam=%23%E6%B8%85%E9%A3%8E%E6%AD%A3%E6%B0%94%E6%BB%A1%E4%B9%BE%E5%9D%A4%23"" data-hide=""""><span class=""surl-text"">#清风正气满乾坤#</span></a>——习近平总书记引领全党锲而不舍贯彻落实中央八项规定精神】转发，收藏，学习↓↓↓<a  href=""https://m.weibo.cn/search?containerid=231522type%3D1%26t%3D10%26q%3D%23%E4%B8%AD%E5%A4%AE%E5%85%AB%E9%A1%B9%E8%A7%84%E5%AE%9A%E7%B2%BE%E7%A5%9E%E5%AD%A6%E4%B9%A0%E6%95%99%E8%82%B2%23&extparam=%23%E4%B8%AD%E5%A4%AE%E5%85%AB%E9%A1%B9%E8%A7%84%E5%AE%9A%E7%B2%BE%E7%A5%9E%E5%AD%A6%E4%B9%A0%E6%95%99%E8%82%B2%23"" data-hide=""""><span class=""surl-text"">#中央八项规定精神学习教育#</span></a> <a  href=""https://weibo.com/ttarticle/p/show?id=2309405148010668490790"" data-hide=""""><span class='url-icon'><img style='width: 1rem;height: 1rem' src='https://h5.sinaimg.cn/upload/2015/09/25/3/timeline_card_small_article_default.png'></span><span class=""surl-text"">清风正气满乾坤</span></a> ",Tue Mar 25 09:07:31 +0800 2025,371,199,732,无
5148002454602106,"<a  href=""https://m.weibo.cn/search?containerid=231522type%3D1%26t%3D10%26q%3D%23%E6%97%A9%E5%AE%89%E6%88%91%E7%9A%84%E4%B8%AD%E5%9B%BD%23"" data-hide=""""><span class=""surl-text"">#早安我的中国#</span></a>【小互动：今天你那儿的天气怎样？】<a  href=""https://m.weibo.cn/search?containerid=231522type%3D1%26t%3D10%26q%3D%23%E4%B8%AD%E5%A4%AE%E6%B0%94%E8%B1%A1%E5%8F%B0%E9%A2%84%E8%AD%A6%E4%B8%89%E8%BF%9E%23&extparam=%23%E4%B8%AD%E5%A4%AE%E6%B0%94%E8%B1%A1%E5%8F%B0%E9%A2%84%E8%AD%A6%E4%B8%89%E8%BF%9E%23"" data-hide=""""><span class=""surl-text"">#中央气象台预警三连#</span></a>，预计多地出现降温、大风或沙尘天气，出门记得看天气。<a  href=""https://m.weibo.cn/search?containerid=231522type%3D1%26t%3D10%26q%3D%23%E5%B0%8F%E5%BF%83%E5%80%92%E6%98%A5%E5%AF%92%23&extparam=%23%E5%B0%8F%E5%BF%83%E5%80%92%E6%98%A5%E5%AF%92%23"" data-hide=""""><span class=""surl-text"">#小心倒春寒#</span></a> <a href='http://t.cn/A6B3wfUM' data-hide=''><span class='url-icon'><img style='width: 1rem;height: 1rem' src='//h5.sinaimg.cn/upload/2015/09/25/3/timeline_card_small_web_default.png'></span> <span class='surl-text'>网页链接</span></a> ",Tue Mar 25 08:34:53 +0800 2025,58,281,2157,无
5148000813059859,"<a  href=""https://m.weibo.cn/search?containerid=231522type%3D1%26t%3D10%26q%3D%23%E4%B8%AD%E5%A4%AE%E6%B0%94%E8%B1%A1%E5%8F%B0%E9%A2%84%E8%AD%A6%E4%B8%89%E8%BF%9E%23&extparam=%23%E4%B8%AD%E5%A4%AE%E6%B0%94%E8%B1%A1%E5%8F%B0%E9%A2%84%E8%AD%A6%E4%B8%89%E8%BF%9E%23"" data-hide=""""><span class=""surl-text"">#中央气象台预警三连#</span></a>【冷<span class=""url-icon""><img alt=[话筒] src=""https://h5.sinaimg.cn/m/emoticon/icon/others/o_huatong-0a3e80b147.png"" style=""width:1em; height:1em;"" /></span>风<span class=""url-icon""><img alt=[话筒] src=""https://h5.sinaimg.cn/m/emoticon/icon/others/o_huatong-0a3e80b147.png"" style=""width:1em; height:1em;"" /></span>沙<span class=""url-icon""><img alt=[话筒] src=""https://h5.sinaimg.cn/m/emoticon/icon/others/o_huatong-0a3e80b147.png"" style=""width:1em; height:1em;"" /></span>还要<a  href=""https://m.weibo.cn/search?containerid=231522type%3D1%26t%3D10%26q%3D%23%E5%B0%8F%E5%BF%83%E5%80%92%E6%98%A5%E5%AF%92%23&extparam=%23%E5%B0%8F%E5%BF%83%E5%80%92%E6%98%A5%E5%AF%92%23"" data-hide=""""><span class=""surl-text"">#小心倒春寒#</span></a>】<a  href=""https://m.weibo.cn/search?containerid=231522type%3D1%26t%3D10%26q%3D%23%E5%8C%97%E4%BA%AC%E5%A4%A7%E9%A3%8E%23&isnewpage=1"" data-hide=""""><span class=""surl-text"">#北京大风#</span></a><br /><span class=""url-icon""><img alt=[星星] src=""https://h5.sinaimg.cn/m/emoticon/icon/_/x_star1-e5d754c7b6.png"" style=""width:1em; height:1em;"" /></span><span class=""url-icon""><img alt=[星星] src=""https://h5.sinaimg.cn/m/emoticon/icon/_/x_star1-e5d754c7b6.png"" style=""width:1em; height:1em;"" /></span>降温→今天08时至27日08时，新疆北部和南疆盆地、内蒙古西部、甘肃大部、宁夏大部、陕西北部、青海东北部等地将降温8～10℃，部分地区降温可达12～16℃，局地超过18℃。<br /><br /><span class=""url-icon""><img alt=[星星] src=""https://h5.sinaimg.cn/m/emoticon/icon/_/x_star1-e5d754c7b6.png"" style=""width:1em; height:1em;"" /></span><span class=""url-icon""><img alt=[星星] src=""https://h5.sinaimg.cn/m/emoticon/icon/_/x_star1-e5d754c7b6.png"" style=""width:1em; height:1em;"" /></span>大风→今天，新疆北部、 ...<a href=""/status/5148000813059859"">全文</a>",Tue Mar 25 08:28:22 +0800 2025,93,184,243,https://wx2.sinaimg.cn/orj360/0033ImPzly1hzswufga7oj60j60eeq6r02.jpg; https://wx3.sinaimg.cn/orj360/0033ImPzly1hzswufi0p6j60j60kfgre02.jpg; https://wx2.sinaimg.cn/orj360/0033ImPzly1hzswuffj4mj60j60eejut02.jpg; https://wx4.sinaimg.cn/orj360/0033ImPzly1hzswufs34pj60hs3eitv602.jpg; https://wx3.sinaimg.cn/orj360/0033ImPzly1hzswufpweoj60hs2v7nev02.jpg; https://wx1.sinaimg.cn/orj360/0033ImPzly1hzswuflq6ij60hs1y9k1f02.jpg
5147994647431011,"【支持请转！<a  href=""https://m.weibo.cn/search?containerid=231522type%3D1%26t%3D10%26q%3D%23%E5%BA%94%E7%94%A8%E4%BA%BA%E8%84%B8%E8%AF%86%E5%88%AB%E6%9C%89%E8%A6%81%E6%B1%82%E4%BA%86%23&extparam=%23%E5%BA%94%E7%94%A8%E4%BA%BA%E8%84%B8%E8%AF%86%E5%88%AB%E6%9C%89%E8%A6%81%E6%B1%82%E4%BA%86%23"" data-hide=""""><span class=""surl-text"">#应用人脸识别有要求了#</span></a>，9个关键词看要点】<br />近日，两部门公布《人脸识别技术应用安全管理办法》<br /><span class=""url-icon""><img alt=[话筒] src=""https://h5.sinaimg.cn/m/emoticon/icon/others/o_huatong-0a3e80b147.png"" style=""width:1em; height:1em;"" /></span><a  href=""https://m.weibo.cn/search?containerid=231522type%3D1%26t%3D10%26q%3D%23%E4%BA%BA%E8%84%B8%E8%AF%86%E5%88%AB%E4%B8%8D%E5%BE%97%E4%BD%9C%E4%B8%BA%E5%94%AF%E4%B8%80%E9%AA%8C%E8%AF%81%E6%96%B9%E5%BC%8F%23&extparam=%23%E4%BA%BA%E8%84%B8%E8%AF%86%E5%88%AB%E4%B8%8D%E5%BE%97%E4%BD%9C%E4%B8%BA%E5%94%AF%E4%B8%80%E9%AA%8C%E8%AF%81%E6%96%B9%E5%BC%8F%23"" data-hide=""""><span class=""surl-text"">#人脸识别不得作为唯一验证方式#</span></a>。国家另有规定的除外<br /><span class=""url-icon""><img alt=[话筒] src=""https://h5.sinaimg.cn/m/emoticon/icon/others/o_huatong-0a3e80b147.png"" style=""width:1em; height:1em;"" /></span>公共场所私密空间内部不得安装刷脸设备<br /><span class=""url-icon""><img alt=[话筒] src=""https://h5.sinaimg.cn/m/emoticon/icon/others/o_huatong-0a3e80b147.png"" style=""width:1em; height:1em;"" /></span><a  href=""https://m.weibo.cn/search?containerid=231522type%3D1%26t%3D10%26q%3D%23%E5%AF%B9%E6%9C%AA%E6%BB%A114%E5%91%A8%E5%B2%81%E6%9C%AA%E6%88%90%E5%B9%B4%E4%BA%BA%E5%88%B7%E8%84%B8%E9%9C%80%E7%9B%91%E6%8A%A4%E4%BA%BA%E5%90%8C%E6%84%8F%23&extparam=%23%E5%AF%B9%E6%9C%AA%E6%BB%A114%E5%91%A8%E5%B2%81%E6%9C%AA%E6%88%90%E5%B9%B4%E4%BA%BA%E5%88%B7%E8%84%B8%E9%9C%80%E7%9B%91%E6%8A%A4%E4%BA%BA%E5%90%8C%E6%84%8F%23"" data-hide=""""><span class=""surl-text"">#对未满14周岁未成年人刷脸需监护人同意#</span></a><br />更多↓↓↓该办法自2025年6月1日起 ...<a href=""/status/5147994647431011"">全文</a>",Tue Mar 25 08:03:52 +0800 2025,297,231,499,https://wx3.sinaimg.cn/orj360/0033ImPzly1hzsw2s9s45j60m813itls02.jpg; https://wx2.sinaimg.cn/orj360/0033ImPzly1hzsw2s9kj1j60m813itlq02.jpg; https://wx4.sinaimg.cn/orj360/0033ImPzly1hzsw2s7jo3j60m813ids102.jpg; https://wx4.sinaimg.cn/orj360/0033ImPzly1hzsw2s9g2mj60m813igy502.jpg; https://wx2.sinaimg.cn/orj360/0033ImPzly1hzsw2s9emij60m813ik4e02.jpg; https://wx1.sinaimg.cn/orj360/0033ImPzly1hzsw2rac7pj60m813iakw02.jpg; https://wx2.sinaimg.cn/orj360/0033ImPzly1hzsw2sabi9j60m813inai02.jpg; https://wx4.sinaimg.cn/orj360/0033ImPzly1hzsw2s9ysrj60m813iqga02.jpg; https://wx2.sinaimg.cn/orj360/0033ImPzly1hzsw2saeinj60m813i16r02.jpg
5147988440908864,"<a  href=""https://m.weibo.cn/search?containerid=231522type%3D1%26t%3D10%26q%3D%23%E5%8C%97%E4%BA%AC%E5%A4%A7%E9%A3%8E%23&isnewpage=1"" data-hide=""""><span class=""surl-text"">#北京大风#</span></a>【阵风十级以上！<a  href=""https://m.weibo.cn/search?containerid=231522type%3D1%26t%3D10%26q%3D%23%E5%8C%97%E4%BA%AC%E5%8F%91%E5%B8%83%E5%A4%A7%E9%A3%8E%E9%BB%84%E8%89%B2%E9%A2%84%E8%AD%A6%23"" data-hide=""""><span class=""surl-text"">#北京发布大风黄色预警#</span></a>】<a  href=""https://m.weibo.cn/search?containerid=231522type%3D1%26t%3D10%26q%3D%23%E5%8C%97%E4%BA%AC%E5%B1%80%E5%9C%B0%E9%98%B5%E9%A3%8E%E8%BE%BE10%E7%BA%A7%E4%BB%A5%E4%B8%8A%23&extparam=%23%E5%8C%97%E4%BA%AC%E5%B1%80%E5%9C%B0%E9%98%B5%E9%A3%8E%E8%BE%BE10%E7%BA%A7%E4%BB%A5%E4%B8%8A%23"" data-hide=""""><span class=""surl-text"">#北京局地阵风达10级以上#</span></a> 北京市气象台2025年3月25日06时55分升级发布大风黄色预警信号：预计，当前至25日下午，我市大部分地区有4、5级偏北风，阵风8、9级，山区阵风可达10级以上，局地有扬沙，请注意防范。（<a href='/n/中国天气'>@中国天气</a> <a href='/n/气象北京'>@气象北京</a> ） ",Tue Mar 25 07:39:12 +0800 2025,172,243,373,https://wx2.sinaimg.cn/orj360/0033ImPzly1hzsventsnpj60k00wkqbe02.jpg; https://wx2.sinaimg.cn/orj360/0033ImPzly1hzswqqsmasj60j60eigvi02.jpg; https://wx1.sinaimg.cn/orj360/0033ImPzly1hzswqqrqd5j60j60eiajt02.jpg; https://wx1.sinaimg.cn/orj360/0033ImPzly1hzswqr1ag8j60j31pb4l202.jpg
5147978574595265,"【奋力奔跑，也别忘了身边的美好】人生旅途的美妙，不仅在于如何快速抵达终点，也在于追求的过程。埋头赶路时，记得看看路边的花，听听枝头的鸟叫。只要心怀热爱，自有万般精彩。<a  href=""https://m.weibo.cn/search?containerid=231522type%3D1%26t%3D10%26q%3D%23%E6%97%A9%E5%AE%89%E6%88%91%E7%9A%84%E4%B8%AD%E5%9B%BD%23"" data-hide=""""><span class=""surl-text"">#早安我的中国#</span></a> ",Tue Mar 25 07:00:00 +0800 2025,1093,2089,2550,https://wx4.sinaimg.cn/orj360/0033ImPzgy1hzstf15la6j60p014a7d902.jpg
5147970488501536,"【祝贺！<a  href=""https://m.weibo.cn/search?containerid=231522type%3D1%26t%3D10%26q%3D%23%E9%83%91%E9%92%A6%E6%96%87%E9%A6%96%E8%BF%9B%E8%BF%88%E9%98%BF%E5%AF%86%E8%B5%9B%E5%85%AB%E5%BC%BA%23&extparam=%23%E9%83%91%E9%92%A6%E6%96%87%E9%A6%96%E8%BF%9B%E8%BF%88%E9%98%BF%E5%AF%86%E8%B5%9B%E5%85%AB%E5%BC%BA%23"" data-hide=""""><span class=""surl-text"">#郑钦文首进迈阿密赛八强#</span></a>】当地时间3月24日，在WTA1000迈阿密站单打第四轮比赛中，中国球员郑钦文以6-2、7-6(3)战胜美国选手克鲁格，晋级八强，<a  href=""https://m.weibo.cn/search?containerid=231522type%3D1%26t%3D10%26q%3D%23%E9%83%91%E9%92%A6%E6%96%87%E5%88%B7%E6%96%B0%E4%BA%86%E4%B8%AA%E4%BA%BA%E8%B5%9B%E4%BC%9A%E6%9C%80%E4%BD%B3%E6%88%98%E7%BB%A9%23&extparam=%23%E9%83%91%E9%92%A6%E6%96%87%E5%88%B7%E6%96%B0%E4%BA%86%E4%B8%AA%E4%BA%BA%E8%B5%9B%E4%BC%9A%E6%9C%80%E4%BD%B3%E6%88%98%E7%BB%A9%23"" data-hide=""""><span class=""surl-text"">#郑钦文刷新了个人赛会最佳战绩#</span></a>。这也是她职业生涯第八次晋级WTA1000赛八强。<a  href=""https://m.weibo.cn/search?containerid=231522type%3D1%26t%3D10%26q%3D%23%E9%83%91%E9%92%A6%E6%96%87%E5%B0%86%E5%86%8D%E6%AC%A1%E6%8C%91%E6%88%98%E8%90%A8%E5%B7%B4%E4%BC%A6%E5%8D%A1%23&extparam=%23%E9%83%91%E9%92%A6%E6%96%87%E5%B0%86%E5%86%8D%E6%AC%A1%E6%8C%91%E6%88%98%E8%90%A8%E5%B7%B4%E4%BC%A6%E5%8D%A1%23"" data-hide=""""><span class=""surl-text"">#郑钦文将再次挑战萨巴伦卡#</span></a><br />郑钦文将在1/4决赛再次挑战头号种子萨巴 ...<a href=""/status/5147970488501536"">全文</a>",Tue Mar 25 06:27:52 +0800 2025,154,276,1455,https://wx3.sinaimg.cn/orj360/0033ImPzgy1hzstchzko3j64s136pb2d02.jpg
5147871821696028,"【<a  href=""https://m.weibo.cn/search?containerid=231522type%3D1%26t%3D10%26q%3D%23%E4%BD%A0%E5%A5%BD%EF%BC%8C%E6%98%8E%E5%A4%A9%23"" data-hide=""""><span class=""surl-text"">#你好，明天#</span></a>】“扁鹊”要你吃早饭、晚上没睡着还要被“李时珍”说……近日，AI“爆改”老祖宗火爆出圈，<a  href=""https://m.weibo.cn/search?containerid=231522type%3D1%26t%3D10%26q%3D%23%E4%BD%A0%E8%A2%AB%E5%9B%9E%E7%AD%94%E6%88%91%E7%83%AD%E6%A2%97%E5%88%B7%E5%B1%8F%E4%BA%86%E5%90%97%23&extparam=%23%E4%BD%A0%E8%A2%AB%E5%9B%9E%E7%AD%94%E6%88%91%E7%83%AD%E6%A2%97%E5%88%B7%E5%B1%8F%E4%BA%86%E5%90%97%23"" data-hide=""""><span class=""surl-text"">#你被回答我热梗刷屏了吗#</span></a>？有人认为，有“梗”有创意，寓教于乐，让人耳目一新。有人提出，扎堆模仿，也会过犹不及。技术赋能，创意不断，让传播更具活力，让历史焕发新意，这些应该鼓励。各类 ...<a href=""/status/5147871821696028"">全文</a>",Mon Mar 24 23:55:48 +0800 2025,200,441,920,无
5147848426917806,"【<a  href=""https://m.weibo.cn/search?containerid=231522type%3D1%26t%3D10%26q%3D%23%E7%A6%8F%E5%AE%9D%E5%A5%BD%E4%B9%85%E4%B8%8D%E8%A7%81%23&extparam=%23%E7%A6%8F%E5%AE%9D%E5%A5%BD%E4%B9%85%E4%B8%8D%E8%A7%81%23"" data-hide=""""><span class=""surl-text"">#福宝好久不见#</span></a><span class=""url-icon""><img alt=[心] src=""https://h5.sinaimg.cn/m/emoticon/icon/others/l_xin-43af9086c0.png"" style=""width:1em; height:1em;"" /></span>】明天，<a  href=""https://m.weibo.cn/search?containerid=231522type%3D1%26t%3D10%26q%3D%23%E7%A6%8F%E5%AE%9D%E6%81%A2%E5%A4%8D%E5%B1%95%E5%87%BA%23&extparam=%23%E7%A6%8F%E5%AE%9D%E6%81%A2%E5%A4%8D%E5%B1%95%E5%87%BA%23"" data-hide=""""><span class=""surl-text"">#福宝恢复展出#</span></a>，将在<a href='/n/中国大熊猫保护研究中心'>@中国大熊猫保护研究中心</a> 卧龙神树坪基地幼儿园2号馆与公众见面。祝福宝健健康康！<a  href=""https://video.weibo.com/show?fid=1034:5147769447579679"" data-hide=""""><span class='url-icon'><img style='width: 1rem;height: 1rem' src='https://h5.sinaimg.cn/upload/2015/09/25/3/timeline_card_small_video_default.png'></span><span class=""surl-text"">中国大熊猫保护研究中心的微博视频</span></a> ",Mon Mar 24 22:22:50 +0800 2025,481,1201,3519,无
5147842957280563,"【<a  href=""https://m.weibo.cn/search?containerid=231522type%3D1%26t%3D10%26q%3D%23%E4%B8%AD%E5%9B%BD%E6%B5%B7%E8%AD%A6%E9%A9%B1%E7%A6%BB%E6%97%A5%E9%9D%9E%E6%B3%95%E8%BF%9B%E5%85%A5%E6%88%91%E9%92%93%E9%B1%BC%E5%B2%9B%E9%A2%86%E6%B5%B7%E8%88%B9%E5%8F%AA%23&extparam=%23%E4%B8%AD%E5%9B%BD%E6%B5%B7%E8%AD%A6%E9%A9%B1%E7%A6%BB%E6%97%A5%E9%9D%9E%E6%B3%95%E8%BF%9B%E5%85%A5%E6%88%91%E9%92%93%E9%B1%BC%E5%B2%9B%E9%A2%86%E6%B5%B7%E8%88%B9%E5%8F%AA%23"" data-hide=""""><span class=""surl-text"">#中国海警驱离日非法进入我钓鱼岛领海船只#</span></a>】<a  href=""https://m.weibo.cn/search?containerid=231522type%3D1%26t%3D10%26q%3D%23%E6%97%A5%E9%9D%9E%E6%B3%95%E8%BF%9B%E5%85%A5%E6%88%91%E9%92%93%E9%B1%BC%E5%B2%9B%E9%A2%86%E6%B5%B7%E8%88%B9%E5%8F%AA%E8%A2%AB%E8%AD%A6%E5%91%8A%E9%A9%B1%E7%A6%BB%23&extparam=%23%E6%97%A5%E9%9D%9E%E6%B3%95%E8%BF%9B%E5%85%A5%E6%88%91%E9%92%93%E9%B1%BC%E5%B2%9B%E9%A2%86%E6%B5%B7%E8%88%B9%E5%8F%AA%E8%A2%AB%E8%AD%A6%E5%91%8A%E9%A9%B1%E7%A6%BB%23"" data-hide=""""><span class=""surl-text"">#日非法进入我钓鱼岛领海船只被警告驱离#</span></a> 中国海警局新闻发言人刘德军表示，3月21日至24日，日“理惠丸”“第八琴海丸”“第八泰生丸”“善幸丸2”号渔船非法进入我钓鱼岛领海，中国海警舰艇依法对其采取必要管控措施并警告驱离。钓鱼岛及其附属岛屿是中 ...<a href=""/status/5147842957280563"">全文</a>",Mon Mar 24 22:01:06 +0800 2025,127,318,1107,https://wx4.sinaimg.cn/orj360/0033ImPzly1hzsepeyr4fj60ob0obgr902.jpg
5147841811190438,"【小互动：<a  href=""https://m.weibo.cn/search?containerid=231522type%3D1%26t%3D10%26q%3D%23%E4%BD%A0%E8%AF%95%E8%BF%87%E5%93%AA%E7%A7%8D%E8%BF%90%E5%8A%A8%E5%87%8F%E8%82%A5%E6%96%B9%E5%BC%8F%23&extparam=%23%E4%BD%A0%E8%AF%95%E8%BF%87%E5%93%AA%E7%A7%8D%E8%BF%90%E5%8A%A8%E5%87%8F%E8%82%A5%E6%96%B9%E5%BC%8F%23"" data-hide=""""><span class=""surl-text"">#你试过哪种运动减肥方式#</span></a>？】你最近有减肥的计划吗？你尝试过哪种运动减肥方式？投票聊聊，评论区分享一下健康减肥的心得↓↓ <a href='http://t.cn/A6BuiGfc' data-hide=''><span class='url-icon'><img style='width: 1rem;height: 1rem' src='//h5.sinaimg.cn/upload/2015/09/25/3/timeline_card_small_web_default.png'></span> <span class='surl-text'>网页链接</span></a> ",Mon Mar 24 21:56:33 +0800 2025,39,168,3100,无
5147840184583195,"【<a  href=""https://m.weibo.cn/search?containerid=231522type%3D1%26t%3D10%26q%3D%23%E4%BA%BA%E6%B0%91%E6%97%A5%E6%8A%A5%E5%A4%9C%E8%AF%BB%23"" data-hide=""""><span class=""surl-text"">#人民日报夜读#</span></a>：<a  href=""https://m.weibo.cn/search?containerid=231522type%3D1%26t%3D10%26q%3D%23%E8%BF%9C%E7%A6%BB%E7%B2%BE%E7%A5%9E%E5%86%85%E8%80%97%E6%9C%80%E5%A5%BD%E7%9A%84%E6%96%B9%E5%BC%8F%23&extparam=%23%E8%BF%9C%E7%A6%BB%E7%B2%BE%E7%A5%9E%E5%86%85%E8%80%97%E6%9C%80%E5%A5%BD%E7%9A%84%E6%96%B9%E5%BC%8F%23"" data-hide=""""><span class=""surl-text"">#远离精神内耗最好的方式#</span></a>】①简化情绪：放下漫无边际的焦虑，戒掉不切实际的比较。②简化圈子：不过度在意他人的看法，把时间和精力还给自己。③简化物欲：生活的本质，本就是删繁就简存真。共勉↓↓ <a  href=""https://weibo.com/ttarticle/p/show?id=2309405147840182616292"" data-hide=""""><span class='url-icon'><img style='width: 1rem;height: 1rem' src='https://h5.sinaimg.cn/upload/2015/09/25/3/timeline_card_small_article_default.png'></span><span class=""surl-text"">【夜读】远离“精神内耗”，从这两个字开始</span></a> ",Mon Mar 24 21:50:05 +0800 2025,1346,1764,3042,无
5147836631227198,"【转发抽奖！<a  href=""https://m.weibo.cn/search?containerid=231522type%3D1%26t%3D10%26q%3D%23%E8%8A%B1%E8%8A%B1%E6%98%AF%E6%98%A5%E6%84%8F%E6%9C%80%E4%BD%B3%E6%B0%9B%E5%9B%B4%E7%BB%84%E5%90%A7%23&extparam=%23%E8%8A%B1%E8%8A%B1%E6%98%AF%E6%98%A5%E6%84%8F%E6%9C%80%E4%BD%B3%E6%B0%9B%E5%9B%B4%E7%BB%84%E5%90%A7%23"" data-hide=""""><span class=""surl-text"">#花花是春意最佳氛围组吧#</span></a>】晒出最美花海、解锁花与建筑的绝美同框、分享春日限定美食...<a href='/n/人民日报'>@人民日报</a> 联合微博发起的<a  href=""https://m.weibo.cn/search?containerid=231522type%3D1%26t%3D10%26q%3D%23%E8%8A%B1%E5%BC%80%E6%97%B6%E8%8A%82%E9%81%87%E8%A7%81%E6%9C%80%E7%BE%8E%E5%9F%8E%E5%B8%82%23&extparam=%23%E8%8A%B1%E5%BC%80%E6%97%B6%E8%8A%82%E9%81%87%E8%A7%81%E6%9C%80%E7%BE%8E%E5%9F%8E%E5%B8%82%23"" data-hide=""""><span class=""surl-text"">#花开时节遇见最美城市#</span></a>征集活动正在进行，带话题参与活动，一起打卡各地最美春天！转发此条微博，抽10名人民日报铁粉送出<a href='/n/武汉市文化和旅游局'>@武汉市文化和旅游局</a> 的精美文创，一起参与！<br />（图 ...<a href=""/status/5147836631227198"">全文</a>",Mon Mar 24 21:35:58 +0800 2025,601,465,777,https://wx1.sinaimg.cn/orj360/0033ImPzly1hzsdxreuchj62c02ln7wi02.jpg; https://wx1.sinaimg.cn/orj360/0033ImPzly1hzsdxsrbtoj63a34dbqvc02.jpg; https://wx3.sinaimg.cn/orj360/0033ImPzly1hzsdxq8hexj60u01400zb02.jpg; https://wx3.sinaimg.cn/orj360/0033ImPzly1hzsdxqrdanj60j60srh5n02.jpg; https://wx3.sinaimg.cn/orj360/0033ImPzly1hzsdxrujbbj62c0340kjn02.jpg; https://wx2.sinaimg.cn/orj360/0033ImPzly1hzsdxqoslfj60j60srwu302.jpg; https://wx3.sinaimg.cn/orj360/0033ImPzly1hzsdxru3qnj635s2dcx6r02.jpg; https://wx2.sinaimg.cn/orj360/0033ImPzly1hzsdxqkycuj60j60pkto702.jpg; https://wx2.sinaimg.cn/orj360/0033ImPzly1hzsdxqayrzj60j60runa502.jpg
5147834810634749,"【转需！<a  href=""https://m.weibo.cn/search?containerid=231522type%3D1%26t%3D10%26q%3D%235%E4%B8%AA%E5%8A%A8%E4%BD%9C%E6%94%B9%E5%96%84%E8%82%A9%E5%85%B3%E8%8A%82%E6%B4%BB%E5%8A%A8%E5%8F%97%E9%99%90%23&extparam=%235%E4%B8%AA%E5%8A%A8%E4%BD%9C%E6%94%B9%E5%96%84%E8%82%A9%E5%85%B3%E8%8A%82%E6%B4%BB%E5%8A%A8%E5%8F%97%E9%99%90%23"" data-hide=""""><span class=""surl-text"">#5个动作改善肩关节活动受限#</span></a>】肩膀不舒服，有肩周炎困扰？这套简单易学的<a  href=""https://m.weibo.cn/search?containerid=231522type%3D1%26t%3D10%26q%3D%23%E8%82%A9%E5%91%A8%E7%82%8E%E9%94%BB%E7%82%BC%E6%93%8D%23&extparam=%23%E8%82%A9%E5%91%A8%E7%82%8E%E9%94%BB%E7%82%BC%E6%93%8D%23"" data-hide=""""><span class=""surl-text"">#肩周炎锻炼操#</span></a>，帮助改善肩关节活动受限↓↓提醒：如不适未缓解，请及时就医。（健康杭州） <a  href=""https://video.weibo.com/show?fid=1034:5147834551304260"" data-hide=""""><span class='url-icon'><img style='width: 1rem;height: 1rem' src='https://h5.sinaimg.cn/upload/2015/09/25/3/timeline_card_small_video_default.png'></span><span class=""surl-text"">人民日报的微博视频</span></a> ",Mon Mar 24 21:28:44 +0800 2025,890,227,1554,无
5147821762415532,"【<a  href=""https://m.weibo.cn/search?containerid=231522type%3D1%26t%3D10%26q%3D%23%E4%B8%80%E5%9B%BE%E6%84%9F%E5%8F%97%E8%BF%99%E6%B3%A2%E5%AF%92%E6%BD%AE%E5%BC%BA%E5%BA%A6%23&extparam=%23%E4%B8%80%E5%9B%BE%E6%84%9F%E5%8F%97%E8%BF%99%E6%B3%A2%E5%AF%92%E6%BD%AE%E5%BC%BA%E5%BA%A6%23"" data-hide=""""><span class=""surl-text"">#一图感受这波寒潮强度#</span></a>】24日18时，中央气象台<a  href=""https://m.weibo.cn/search?containerid=231522type%3D1%26t%3D10%26q%3D%23%E5%A4%A7%E9%A3%8E%E5%AF%92%E6%BD%AE%E9%A2%84%E8%AD%A6%E9%BD%90%E5%8F%91%23&extparam=%23%E5%A4%A7%E9%A3%8E%E5%AF%92%E6%BD%AE%E9%A2%84%E8%AD%A6%E9%BD%90%E5%8F%91%23"" data-hide=""""><span class=""surl-text"">#大风寒潮预警齐发#</span></a>。受寒潮影响，预计，3月24日20时至3月30日08时，新疆、西北地区大部、内蒙古、东北地区、华北地区、黄淮、江南、华南大部以及西南地区东部等地将先后降温8～14℃，其中，内蒙古西部、新疆北疆东部和南疆盆地、甘肃大部、宁夏大部、 ...<a href=""/status/5147821762415532"">全文</a>",Mon Mar 24 20:36:53 +0800 2025,174,396,626,https://wx1.sinaimg.cn/orj360/0033ImPzly1hzsc9pieqgj60n30jjq5r02.jpg
5147805576859127,"<a  href=""https://m.weibo.cn/search?containerid=231522type%3D1%26t%3D10%26q%3D%23%E5%9B%9B%E5%B7%9D%E5%8F%99%E6%B0%B8%E5%9C%B0%E9%9C%87%23&extparam=%23%E5%9B%9B%E5%B7%9D%E5%8F%99%E6%B0%B8%E5%9C%B0%E9%9C%87%23"" data-hide=""""><span class=""surl-text"">#四川叙永地震#</span></a>【<a  href=""https://m.weibo.cn/search?containerid=231522type%3D1%26t%3D10%26q%3D%23%E5%9B%9B%E5%B7%9D%E5%8F%99%E6%B0%B84.9%E7%BA%A7%E5%9C%B0%E9%9C%87%23&extparam=%23%E5%9B%9B%E5%B7%9D%E5%8F%99%E6%B0%B84.9%E7%BA%A7%E5%9C%B0%E9%9C%87%23"" data-hide=""""><span class=""surl-text"">#四川叙永4.9级地震#</span></a>】中国地震台网正式测定：03月24日19时21分在四川泸州市叙永县（北纬28.03度，东经105.18度）发生4.9级地震，震源深度8千米。<a  href=""https://m.weibo.cn/search?containerid=231522type%3D1%26t%3D10%26q%3D%23%E5%9B%9B%E5%B7%9D%E6%B3%B8%E5%B7%9E%E5%9C%B0%E9%9C%87%23"" data-hide=""""><span class=""surl-text"">#四川泸州地震#</span></a>  ",Mon Mar 24 19:32:34 +0800 2025,139,524,569,https://wx1.sinaimg.cn/orj360/0033ImPzly1hzsag028z9j60j60ee40w02.jpg
5147803916702232,"【<a  href=""https://m.weibo.cn/search?containerid=231522type%3D1%26t%3D10%26q%3D%23%E5%9B%9B%E5%B7%9D%E6%B3%B8%E5%B7%9E4.8%E7%BA%A7%E5%B7%A6%E5%8F%B3%E5%9C%B0%E9%9C%87%23&extparam=%23%E5%9B%9B%E5%B7%9D%E6%B3%B8%E5%B7%9E4.8%E7%BA%A7%E5%B7%A6%E5%8F%B3%E5%9C%B0%E9%9C%87%23"" data-hide=""""><span class=""surl-text"">#四川泸州4.8级左右地震#</span></a>】中国地震台网自动测定：03月24日19时21分在四川泸州市叙永县附近（北纬28.07度，东经105.21度）发生4.8级左右地震，最终结果以正式速报为准。<a  href=""https://m.weibo.cn/search?containerid=231522type%3D1%26t%3D10%26q%3D%23%E5%9B%9B%E5%B7%9D%E6%B3%B8%E5%B7%9E%E5%9C%B0%E9%9C%87%23"" data-hide=""""><span class=""surl-text"">#四川泸州地震#</span></a> ",Mon Mar 24 19:25:58 +0800 2025,62,273,407,https://wx2.sinaimg.cn/orj360/0033ImPzly1hzsa7zojvij60j60eego102.jpg
5147799067823036,"【<a  href=""https://m.weibo.cn/search?containerid=231522type%3D1%26t%3D10%26q%3D%23%E5%A4%A9%E7%BD%912025%E8%A1%8C%E5%8A%A8%23&extparam=%23%E5%A4%A9%E7%BD%912025%E8%A1%8C%E5%8A%A8%23"" data-hide=""""><span class=""surl-text"">#天网2025行动#</span></a>启动】3月24日，中央反腐败协调小组国际追逃追赃和跨境腐败治理工作办公室召开会议，启动“天网2025”行动。<br /><a  href=""https://m.weibo.cn/search?containerid=231522type%3D1%26t%3D10%26q%3D%23%E5%A4%A9%E7%BD%912025%E8%A1%8C%E5%8A%A8%E6%9C%89%E5%93%AA%E4%BA%9B%E9%83%A8%E7%BD%B2%23&extparam=%23%E5%A4%A9%E7%BD%912025%E8%A1%8C%E5%8A%A8%E6%9C%89%E5%93%AA%E4%BA%9B%E9%83%A8%E7%BD%B2%23"" data-hide=""""><span class=""surl-text"">#天网2025行动有哪些部署#</span></a><br /><span class=""url-icon""><img alt=[话筒] src=""https://h5.sinaimg.cn/m/emoticon/icon/others/o_huatong-0a3e80b147.png"" style=""width:1em; height:1em;"" /></span>国家监委牵头开展职务犯罪境外追赃挽损专项行动；<br /><span class=""url-icon""><img alt=[话筒] src=""https://h5.sinaimg.cn/m/emoticon/icon/others/o_huatong-0a3e80b147.png"" style=""width:1em; height:1em;"" /></span>公安部开展“猎狐”专项行动；<br /><span class=""url-icon""><img alt=[话筒] src=""https://h5.sinaimg.cn/m/emoticon/icon/others/o_huatong-0a3e80b147.png"" style=""width:1em; height:1em;"" /></span>中国人民银行会同公安部开展预防、打击 ...<a href=""/status/5147799067823036"">全文</a>",Mon Mar 24 19:06:42 +0800 2025,157,185,665,https://wx1.sinaimg.cn/orj360/0033ImPzly1hzs9o0nsgfj60ob0obgr902.jpg
5147786745220205,"【拾光纪丨<a  href=""https://m.weibo.cn/search?containerid=231522type%3D1%26t%3D10%26q%3D%23%E5%8F%A4%E6%9C%B4%E4%BE%97%E5%AF%A8%E6%9B%B4%E6%97%B6%E5%B0%9A%23&extparam=%23%E5%8F%A4%E6%9C%B4%E4%BE%97%E5%AF%A8%E6%9B%B4%E6%97%B6%E5%B0%9A%23"" data-hide=""""><span class=""surl-text"">#古朴侗寨更时尚#</span></a>】贵州黎平县肇兴侗寨，千百年来，侗家人在此世代安居。3月17日，习近平总书记来到肇兴侗寨考察。跟随人民日报“拾光纪”的镜头，发现这座千年侗寨古朴与时尚共绘乡村振兴新图景的故事。<a  href=""https://m.weibo.cn/search?containerid=231522type%3D1%26t%3D10%26q%3D%23%E6%96%87%E5%8C%96%E4%B8%AD%E5%9B%BD%E8%A1%8C%E6%89%93%E5%8D%A1%E8%82%87%E5%85%B4%E4%BE%97%E5%AF%A8%23&extparam=%23%E6%96%87%E5%8C%96%E4%B8%AD%E5%9B%BD%E8%A1%8C%E6%89%93%E5%8D%A1%E8%82%87%E5%85%B4%E4%BE%97%E5%AF%A8%23"" data-hide=""""><span class=""surl-text"">#文化中国行打卡肇兴侗寨#</span></a> <a  href=""https://video.weibo.com/show?fid=1034:5147786065150008"" data-hide=""""><span class='url-icon'><img style='width: 1rem;height: 1rem' src='https://h5.sinaimg.cn/upload/2015/09/25/3/timeline_card_small_video_default.png'></span><span class=""surl-text"">人民日报的微博视频</span></a> ",Mon Mar 24 18:17:44 +0800 2025,85,215,466,无
5147774129016557,"【<a  href=""https://m.weibo.cn/search?containerid=231522type%3D1%26t%3D10%26q%3D%23%E6%B2%82%E8%92%99%E4%BA%8C%E5%A7%90%E5%9B%9E%E5%BA%94AI%E5%B8%AE%E5%86%99%E7%AD%89%E8%B4%A8%E7%96%91%23&extparam=%23%E6%B2%82%E8%92%99%E4%BA%8C%E5%A7%90%E5%9B%9E%E5%BA%94AI%E5%B8%AE%E5%86%99%E7%AD%89%E8%B4%A8%E7%96%91%23"" data-hide=""""><span class=""surl-text"">#沂蒙二姐回应AI帮写等质疑#</span></a>】<a  href=""https://m.weibo.cn/search?containerid=231522type%3D1%26t%3D10%26q%3D%23%E6%B2%82%E8%92%99%E4%BA%8C%E5%A7%90%E9%BC%93%E5%8A%B1%E5%A6%88%E5%A6%88%E4%BB%AC%E5%8B%87%E6%95%A2%E4%B8%80%E7%82%B9%23&extparam=%23%E6%B2%82%E8%92%99%E4%BA%8C%E5%A7%90%E9%BC%93%E5%8A%B1%E5%A6%88%E5%A6%88%E4%BB%AC%E5%8B%87%E6%95%A2%E4%B8%80%E7%82%B9%23"" data-hide=""""><span class=""surl-text"">#沂蒙二姐鼓励妈妈们勇敢一点#</span></a>AI帮写？团队运作？田间赋诗走红后，“沂蒙二姐”吕玉霞回应网友质疑 ：不像大众刻板印象，其实农民队伍里，有很多有梦想、对生活有期待、有渴望的人。（山东卫视） <a  href=""https://video.weibo.com/show?fid=1034:5147773620650026"" data-hide=""""><span class='url-icon'><img style='width: 1rem;height: 1rem' src='https://h5.sinaimg.cn/upload/2015/09/25/3/timeline_card_small_video_default.png'></span><span class=""surl-text"">人民日报的微博视频</span></a> ",Mon Mar 24 17:27:36 +0800 2025,125,248,10885,无
5147769846369304,"【美！<a  href=""https://m.weibo.cn/search?containerid=231522type%3D1%26t%3D10%26q%3D%23%E6%A2%85%E8%8A%B1%E6%9D%8F%E8%8A%B1%E7%9B%9B%E5%BC%80%E5%92%8C%E4%B8%AD%E5%BC%8F%E5%BB%BA%E7%AD%91%E5%90%8C%E6%A1%86%23&extparam=%23%E6%A2%85%E8%8A%B1%E6%9D%8F%E8%8A%B1%E7%9B%9B%E5%BC%80%E5%92%8C%E4%B8%AD%E5%BC%8F%E5%BB%BA%E7%AD%91%E5%90%8C%E6%A1%86%23"" data-hide=""""><span class=""surl-text"">#梅花杏花盛开和中式建筑同框#</span></a>】<a  href=""https://m.weibo.cn/search?containerid=231522type%3D1%26t%3D10%26q%3D%23%E6%A2%85%E8%8A%B1%E6%9D%8F%E8%8A%B1%E7%BB%BD%E6%94%BE%E5%AE%9A%E6%A0%BC%E4%B8%8B%E6%98%A5%E6%97%A5%E7%BE%8E%E5%A5%BD%23&extparam=%23%E6%A2%85%E8%8A%B1%E6%9D%8F%E8%8A%B1%E7%BB%BD%E6%94%BE%E5%AE%9A%E6%A0%BC%E4%B8%8B%E6%98%A5%E6%97%A5%E7%BE%8E%E5%A5%BD%23"" data-hide=""""><span class=""surl-text"">#梅花杏花绽放定格下春日美好#</span></a>3月23日，北京紫竹院公园，梅花与杏花盛开，与中式建筑同框，意境拉满↓↓ ",Mon Mar 24 17:10:35 +0800 2025,618,593,1559,https://wx4.sinaimg.cn/orj360/0033ImPzly1hzs6azn95uj60sg0iz0zu02.jpg; https://wx3.sinaimg.cn/orj360/0033ImPzly1hzs6azmk0dj60sg0iz7af02.jpg; https://wx1.sinaimg.cn/orj360/0033ImPzly1hzs6azjp57j60iy0sgmzb02.jpg; https://wx4.sinaimg.cn/orj360/0033ImPzly1hzs6azn669j60sg0izq9n02.jpg; https://wx4.sinaimg.cn/orj360/0033ImPzly1hzs6azmyqfj60sg0iz44f02.jpg; https://wx2.sinaimg.cn/orj360/0033ImPzly1hzs6azn98cj60sg0izwkp02.jpg; https://wx4.sinaimg.cn/orj360/0033ImPzly1hzs6azmt4cj60sg0izjxe02.jpg; https://wx3.sinaimg.cn/orj360/0033ImPzly1hzs6azn1j9j60iz0sgte402.jpg; https://wx2.sinaimg.cn/orj360/0033ImPzly1hzs6azmz1yj60sg0izdl102.jpg
5147758014235285,"【外交部：所谓<a  href=""https://m.weibo.cn/search?containerid=231522type%3D1%26t%3D10%26q%3D%23%E5%8F%B0%E6%B9%BE%E6%9C%89%E4%BA%8B%E5%B0%B1%E6%98%AF%E6%97%A5%E6%9C%AC%E6%9C%89%E4%BA%8B%E7%9A%84%E8%B0%AC%E8%AE%BA%E5%A4%A7%E9%94%99%E7%89%B9%E9%94%99%23&extparam=%23%E5%8F%B0%E6%B9%BE%E6%9C%89%E4%BA%8B%E5%B0%B1%E6%98%AF%E6%97%A5%E6%9C%AC%E6%9C%89%E4%BA%8B%E7%9A%84%E8%B0%AC%E8%AE%BA%E5%A4%A7%E9%94%99%E7%89%B9%E9%94%99%23"" data-hide=""""><span class=""surl-text"">#台湾有事就是日本有事的谬论大错特错#</span></a>】<a  href=""https://m.weibo.cn/search?containerid=231522type%3D1%26t%3D10%26q%3D%23%E5%A4%96%E4%BA%A4%E9%83%A8%E6%95%A6%E4%BF%83%E6%97%A5%E6%96%B9%E9%87%8D%E4%BF%A1%E5%AE%88%E8%AF%BA%23&extparam=%23%E5%A4%96%E4%BA%A4%E9%83%A8%E6%95%A6%E4%BF%83%E6%97%A5%E6%96%B9%E9%87%8D%E4%BF%A1%E5%AE%88%E8%AF%BA%23"" data-hide=""""><span class=""surl-text"">#外交部敦促日方重信守诺#</span></a>3月24日，外交部发言人郭嘉昆主持例行记者会。<br />有记者问及，根据中国外交部发布的消息，中共中央政治局委员、外交部长王毅赴日本期间同多名日本政要谈及台湾问题，强调中日四个政治文件对台湾问题作出明确规定，必须严格 ...<a href=""/status/5147758014235285"">全文</a>",Mon Mar 24 16:23:34 +0800 2025,414,736,5048,https://wx2.sinaimg.cn/orj360/0033ImPzly1hzs4y7p9tgj60j60dgmzv02.jpg
5147751252758690,"【<a  href=""https://m.weibo.cn/search?containerid=231522type%3D1%26t%3D10%26q%3D%23%E6%A5%BC%E5%AE%87%E7%83%88%E4%BA%BA%E6%B0%91%E6%97%A5%E6%8A%A5%E6%92%B0%E6%96%87%E8%B0%88%E4%BA%BA%E7%94%9F%23&extparam=%23%E6%A5%BC%E5%AE%87%E7%83%88%E4%BA%BA%E6%B0%91%E6%97%A5%E6%8A%A5%E6%92%B0%E6%96%87%E8%B0%88%E4%BA%BA%E7%94%9F%23"" data-hide=""""><span class=""surl-text"">#楼宇烈人民日报撰文谈人生#</span></a>】<a  href=""https://m.weibo.cn/search?containerid=231522type%3D1%26t%3D10%26q%3D%23%E4%BA%BA%E7%94%9F%E8%A6%81%E6%8B%BF%E5%BE%97%E8%B5%B7%E7%9C%8B%E5%BE%97%E5%BC%80%E6%94%BE%E5%BE%97%E4%B8%8B%23&extparam=%23%E4%BA%BA%E7%94%9F%E8%A6%81%E6%8B%BF%E5%BE%97%E8%B5%B7%E7%9C%8B%E5%BE%97%E5%BC%80%E6%94%BE%E5%BE%97%E4%B8%8B%23"" data-hide=""""><span class=""surl-text"">#人生要拿得起看得开放得下#</span></a> 北京大学哲学系教授楼宇烈认为，中国传统文化蕴含丰富智慧，对我们做人做事有着非凡意义。楼宇烈总结，中国传统文化中儒释道三家思想，聚在一起就是“拿得起”“看得开”“放得下”，若能将这些优点融会贯通，便能成就自在而有意义的人生。 ...<a href=""/status/5147751252758690"">全文</a>",Mon Mar 24 15:56:42 +0800 2025,147,133,362,无
5147736774541397,"【周知！<a  href=""https://m.weibo.cn/search?containerid=231522type%3D1%26t%3D10%26q%3D%23%E5%84%BF%E7%AB%A5%E6%98%AF%E7%BB%93%E6%A0%B8%E7%97%85%E9%AB%98%E5%8D%B1%E4%BA%BA%E7%BE%A4%23&extparam=%23%E5%84%BF%E7%AB%A5%E6%98%AF%E7%BB%93%E6%A0%B8%E7%97%85%E9%AB%98%E5%8D%B1%E4%BA%BA%E7%BE%A4%23"" data-hide=""""><span class=""surl-text"">#儿童是结核病高危人群#</span></a>，这11个问题家长要了解】<a  href=""https://m.weibo.cn/search?containerid=231522type%3D1%26t%3D10%26q%3D%232025%E4%B8%96%E7%95%8C%E9%98%B2%E6%B2%BB%E7%BB%93%E6%A0%B8%E7%97%85%E6%97%A5%23&extparam=%232025%E4%B8%96%E7%95%8C%E9%98%B2%E6%B2%BB%E7%BB%93%E6%A0%B8%E7%97%85%E6%97%A5%23"" data-hide=""""><span class=""surl-text"">#2025世界防治结核病日#</span></a> 结核病，作为一种严重危害身体健康的重大传染病，其防控至关重要。结核病的主要传播途径有哪些？孩子出现哪些症状要警惕结核病？如何预防结核病？今天是第30个世界防治结核病日，一文了解↓↓ <a  href=""https://weibo.com/ttarticle/p/show?id=2309405147736772313193"" data-hide=""""><span class='url-icon'><img style='width: 1rem;height: 1rem' src='https://h5.sinaimg.cn/upload/2015/09/25/3/timeline_card_small_article_default.png'></span><span class=""surl-text"">儿童是结核病高危人群，这11个问题家长要了解</span></a> ",Mon Mar 24 14:59:09 +0800 2025,252,194,344,无
5147728464055387,"【小互动：<a  href=""https://m.weibo.cn/search?containerid=231522type%3D1%26t%3D10%26q%3D%23AI%E7%88%86%E6%94%B9%E8%80%81%E7%A5%96%E5%AE%97%E4%BD%A0%E6%80%8E%E4%B9%88%E7%9C%8B%23&extparam=%23AI%E7%88%86%E6%94%B9%E8%80%81%E7%A5%96%E5%AE%97%E4%BD%A0%E6%80%8E%E4%B9%88%E7%9C%8B%23"" data-hide=""""><span class=""surl-text"">#AI爆改老祖宗你怎么看#</span></a>？】<a  href=""https://m.weibo.cn/search?containerid=231522type%3D1%26t%3D10%26q%3D%23%E4%BD%A0%E8%A2%AB%E5%9B%9E%E7%AD%94%E6%88%91%E7%83%AD%E6%A2%97%E5%88%B7%E5%B1%8F%E4%BA%86%E5%90%97%23&extparam=%23%E4%BD%A0%E8%A2%AB%E5%9B%9E%E7%AD%94%E6%88%91%E7%83%AD%E6%A2%97%E5%88%B7%E5%B1%8F%E4%BA%86%E5%90%97%23"" data-hide=""""><span class=""surl-text"">#你被回答我热梗刷屏了吗#</span></a>？“扁鹊”要你吃早饭、“唐伯虎”回怼“不务正业”、晚上没睡着还要被“李时珍”说……近日，在AI助力下，“回答我”热梗爆火出圈。有人表示，这种“整活”很有趣；也有观点认为，不能让科普变成“花式恶搞”。对此，你怎么看？一起互动 ...<a href=""/status/5147728464055387"">全文</a>",Mon Mar 24 14:26:09 +0800 2025,41,104,2865,无
5147717517446508,"【壁纸又上新了！网友：快来看<a  href=""https://m.weibo.cn/search?containerid=231522type%3D1%26t%3D10%26q%3D%23%E8%8A%B1%E8%8A%B1%E8%8A%B1%E6%95%85%E5%AE%AB%E8%8A%B1%E8%8A%B1%E8%8A%B1%23&extparam=%23%E8%8A%B1%E8%8A%B1%E8%8A%B1%E6%95%85%E5%AE%AB%E8%8A%B1%E8%8A%B1%E8%8A%B1%23"" data-hide=""""><span class=""surl-text"">#花花花故宫花花花#</span></a>】碧桃迎春，玉兰盛放，柳枝新绿。小园几许，收尽春光。<a  href=""https://m.weibo.cn/search?containerid=231522type%3D1%26t%3D10%26q%3D%23%E6%95%85%E5%AE%AB%E7%9A%84%E8%8A%B1%E8%8A%B1%E8%8A%B1%E8%8A%B1%E8%8A%B1%E6%9C%89%E5%A4%9A%E7%BE%8E%23&extparam=%23%E6%95%85%E5%AE%AB%E7%9A%84%E8%8A%B1%E8%8A%B1%E8%8A%B1%E8%8A%B1%E8%8A%B1%E6%9C%89%E5%A4%9A%E7%BE%8E%23"" data-hide=""""><span class=""surl-text"">#故宫的花花花花花有多美#</span></a>？戳图感受↓↓<a href='/n/故宫博物院'>@故宫博物院</a> ",Mon Mar 24 13:42:39 +0800 2025,467,600,1581,https://wx1.sinaimg.cn/orj360/0033ImPzly1hzs0acbv1qj60u01hck7202.jpg; https://wx2.sinaimg.cn/orj360/0033ImPzly1hzs0acumf3j60u01hcu0x02.jpg; https://wx2.sinaimg.cn/orj360/0033ImPzly1hzs0achpijj60u01hc7qo02.jpg; https://wx1.sinaimg.cn/orj360/0033ImPzly1hzs0abw5a2j60u01hc4d002.jpg; https://wx4.sinaimg.cn/orj360/0033ImPzly1hzs0abytb4j60u01hc7jf02.jpg; https://wx3.sinaimg.cn/orj360/0033ImPzly1hzs0abz21hj60u01hch1102.jpg; https://wx4.sinaimg.cn/orj360/0033ImPzly1hzs0acoimmj60u01hc1kx02.jpg; https://wx1.sinaimg.cn/orj360/0033ImPzly1hzs0abx0x6j60u01hc4ck02.jpg; https://wx2.sinaimg.cn/orj360/0033ImPzly1hzs0acbuiwj60u01hctot02.jpg
